{"videos": {"_type": "video-file", "path": "media/videos/videos_10_c79c0afc9159316b8bbd.mp4", "sha256": "c79c0afc9159316b8bbd0ba3d1e6d7c23a6f5d1ab6338a08e330ff61dbb75377", "size": 25599}, "_runtime": 71, "_timestamp": 1641349607.8837476, "_step": 16, "global_step": 49152, "time/fps": 760.0, "train/approx_kl": 0.02037242241203785, "train/clip_fraction": 0.192138671875, "train/clip_range": 0.20000000298023224, "train/entropy_loss": -5.836091041564941, "train/explained_variance": 0.7507200241088867, "train/learning_rate": 0.0003000000142492354, "train/loss": 0.9569768905639648, "train/policy_gradient_loss": -0.05786215513944626, "train/value_loss": 2.608747959136963, "_wandb": {"runtime": 79}}