{"global_step": 114688, "_timestamp": 1641339700.96741, "rollout/ep_len_mean": 296.8399963378906, "rollout/ep_rew_mean": -19.583999633789062, "time/fps": 766.0, "train/approx_kl": 0.0221954807639122, "train/clip_fraction": 0.21269531548023224, "train/clip_range": 0.20000000298023224, "train/entropy_loss": -5.014759540557861, "train/explained_variance": 0.5617217421531677, "train/learning_rate": 0.0003000000142492354, "train/loss": 0.5677445530891418, "train/policy_gradient_loss": -0.05695011466741562, "train/value_loss": 3.4355320930480957, "_runtime": 155, "_step": 13, "_wandb": {"runtime": 255}}